Protein,RNA,Label
Q9Z148,Kcnq1ot1,1
Q8BIF2,0610043K17Rik,1
Q8BIF2,1110038B12Rik,1
Q8R003,1110038B12Rik,1
Q8R003,1500004A13Rik,1
Q8BIF2,1700003L19Rik,1
Q8BIF2,1700010J16Rik,1
Q8BIF2,1700012I11Rik,1
Q8BIF2,1700016P03Rik,1
Q8BIF2,1700040E09Rik,1
Q8BIF2,1700045H11Rik,1
Q8BIF2,1700054A03Rik,1
Q8BIF2,1700085D07Rik,1
Q8BIF2,1700094J05Rik,1
Q8BIF2,1700095J03Rik,1
Q8BIF2,1700111N16Rik,1
P69566,1700120E14Rik,1
Q8BIF2,1700123O12Rik,1
Q8R003,2610035D17Rik,1
Q8R003,2610307P16Rik,1
Q8BIF2,2810404M03Rik,1
Q8BIF2,2900076A07Rik,1
Q8BIF2,4831440D22Rik,1
Q8R003,4921511C10Rik,1
Q8BIF2,4930412C18Rik,1
Q8BIF2,4930414F18Rik,1
Q8BIF2,4930440I19Rik,1
P69566,4930442J19Rik,1
Q8BIF2,4930458A03Rik,1
Q8R003,4930511M06Rik,1
Q8BIF2,4930524C18Rik,1
P69566,4930525G20Rik,1
Q8BIF2,4930543N07Rik,1
Q8BIF2,4930557F10Rik,1
Q8BIF2,4930567K12Rik,1
P69566,4930593A02Rik,1
Q8BIF2,4931407E12Rik,1
Q8BIF2,4931440J10Rik,1
Q8BIF2,4933404O12Rik,1
P69566,4933406K04Rik,1
Q8BIF2,4933408N05Rik,1
Q8BIF2,4933430M04Rik,1
Q8BIF2,4933432K03Rik,1
Q8BIF2,4933436E23Rik,1
Q8BIF2,5330434G04Rik,1
Q8BIF2,5430416N02Rik,1
Q8BIF2,5830418P13Rik,1
Q8BIF2,6030407O03Rik,1
Q8BIF2,6030443J06Rik,1
P69566,8430429K09Rik,1
Q8BIF2,9130204K15Rik,1
P69566,9130221H12Rik,1
Q8BIF2,9230114K14Rik,1
P69566,9330159M07Rik,1
Q8BIF2,9330175M20Rik,1
Q8BIF2,9530036O11Rik,1
Q8BIF2,9630028B13Rik,1
Q8BIF2,A230001M10Rik,1
Q8BIF2,A230004M16Rik,1
P69566,A230056P14Rik,1
Q8BIF2,A230057D06Rik,1
Q8BIF2,A230098N10Rik,1
Q8BIF2,A330093E20Rik,1
Q8BIF2,A930012L18Rik,1
Q8BIF2,B230220B15Rik,1
Q8BIF2,BC006965,1
Q8BIF2,C130083M11Rik,1
Q8BIF2,C230088H06Rik,1
Q8BIF2,D130009I18Rik,1
Q8BIF2,Dleu2,1
Q8R003,Emx2os,1
Q8BIF2,Gas5,1
Q8R003,Gas5,1
P69566,Gm10538,1
Q8BIF2,Gm10754,1
Q8BIF2,Gm11149,1
Q8BIF2,Gm12992,1
Q8R003,Gm13483,1
Q8BIF2,Gm15441,1
P69566,Gm15612,1
P69566,Gm19589,1
Q8BIF2,Gm2861,1
Q8BIF2,Gm4265,1
P69566,Gm4961,1
Q8R003,Gm53,1
Q8BIF2,Gm9801,1
Q3U0V1,H19,1
Q8BIF2,Meg3,1
Q8BIF2,Mirg,1
Q8BIF2,Pax6os1,1
Q8R003,Pvt1,1
Q8BIF2,Rian,1
Q8R003,Snhg10,1
Q8R003,Snhg3,1
Q8R003,Snhg8,1
P69566,Tug1,1
P69566,Wbscr25,1
P28659,Gm20470,1
P28659,1700006J14Rik,1
P28659,Gm17201,1
P28659,Gm12227,1
P28659,Gm11491,1
P28659,Gm11508,1
P28659,Gm12359,1
P28659,Gm17178,1
P28659,Gm20535,1
P28659,Gm15283,1
P28659,5430427M07Rik,1
P28659,4930586N03Rik,1
P28659,Gm16549,1
P28659,Gm16575,1
P28659,Gm15738,1
P28659,Gm17106,1
P28659,AC126942.1,1
P28659,1700066O22Rik,1
P28659,Gm10143,1
P28659,Gm15491,1
P28659,Gm13179,1
P28659,Gm14471,1
P28659,Gm13610,1
P28659,Dlx1as,1
P28659,Gm13778,1
P28659,2810002D19Rik,1
P28659,Gm13919,1
P28659,Gm16206,1
P28659,A730090N16Rik,1
P28659,Gm16069,1
P28659,4933421O10Rik,1
P28659,8030451A03Rik,1
P28659,Gm16023,1
P28659,Gm17122,1
P28659,Gm16599,1
P28659,Gm4876,1
P28659,Gm15581,1
P28659,Gm13856,1
P28659,R74862,1
P28659,Gm15418,1
P28659,Gm15419,1
P28659,Gm16159,1
P28659,Gm10701,1
P28659,Gm16144,1
P28659,Gm14820,1
P28659,Gm15832,1
P28659,Gm15834,1
P28659,A530040E14Rik,1
P28659,Gm20528,1
P28659,Gm17090,1
P28659,Gm15851,1
P28659,Gm20631,1
P28659,2210411M09Rik,1
P28659,Gm16153,1
P28659,Gm16577,1
P28659,Gm20655,1
P28659,Gm16365,1
P28659,Gm15200,1
P28659,Gm7097,1
P28659,Gm15915,1
P28659,Gm15961,1
P28659,Gm12043,1
P28659,Gm16033,1
P28659,Gm16170,1
P28659,Gm12207,1
P28659,Gm12296,1
P28659,Gm12298,1
P28659,2610027K06Rik,1
P28659,Gm15893,1
P28659,4930556N13Rik,1
P28659,Gm11537,1
P28659,D030028A08Rik,1
P28659,Gm11574,1
P28659,Gm11632,1
P28659,1700003D09Rik,1
P28659,Gm11651,1
P28659,Gm11716,1
P28659,Gm11713,1
P28659,Gm11714,1
P28659,Gm11722,1
P28659,Gm15642,1
P28659,Gm17139,1
P28659,3300002A11Rik,1
P28659,Gm15523,1
P28659,A730081D07Rik,1
P28659,Gm16248,1
P28659,4833422C13Rik,1
P28659,Gm11100,1
P28659,1810062O18Rik,1
P28659,Gm15601,1
P28659,Gm10371,1
P28659,4930579G18Rik,1
P28659,Gm15932,1
P28659,1700120O09Rik,1
P28659,Gm17233,1
P28659,B930095G15Rik,1
P28659,4930594M22Rik,1
P28659,BC037032,1
P28659,Gm15938,1
P28659,Gm15941,1
P28659,Gm15943,1
P28659,Gm16537,1
P28659,Gm15764,1
P28659,Gm9968,1
P28659,Gm15964,1
P28659,Gm10785,1
P28659,Gm15976,1
P28659,Gm15342,1
P28659,Gm16278,1
P28659,Gm16279,1
P28659,Gm17168,1
P28659,Gm17133,1
P28659,Gm17036,1
P28659,Gm15956,1
P28659,Gm15485,1
P28659,Gm16090,1
P28659,Gm15336,1
P28659,Gm15337,1
P28659,1700120E14Rik,1
P28659,Gm16066,1
P28659,4931403E22Rik,1
P28659,Gm16541,1
P28659,4930551O13Rik,1
P28659,A230108P19Rik,1
P28659,Gm13262,1
P28659,Gm13380,1
P28659,Gm13554,1
P28659,Gm13446,1
P28659,Gm13601,1
P28659,Gm13625,1
P28659,Gm13938,1
P28659,A530058N18Rik,1
P28659,Gm13999,1
P28659,AV039307,1
P28659,Gm14027,1
P28659,A930019D19Rik,1
P28659,Gm14225,1
P28659,Gm20412,1
P28659,Gm16751,1
P28659,Gm16316,1
P28659,Gm14453,1
P28659,Gm16337,1
P28659,Gm16093,1
P28659,B230398E01Rik,1
P28659,C920021L13Rik,1
P28659,Gm15441,1
P28659,Gm11906,1
P28659,Gm12473,1
P28659,Gm11209,1
P28659,A230083N12Rik,1
P28659,Gm12953,1
P28659,C530005A16Rik,1
P28659,Gm12841,1
P28659,Gm12905,1
P28659,Gm12971,1
P28659,Gm12992,1
P28659,Gm13008,1
P28659,Gm13031,1
P28659,Gm13205,1
P28659,Gm17029,1
P28659,Gm13068,1
P28659,Gm16334,1
P28659,Gm13133,1
P28659,Gm13134,1
P28659,Abhd1,1
P28659,Gm15469,1
P28659,Gm15614,1
P28659,4931431C16Rik,1
P28659,Gm15948,1
P28659,Gm15478,1
P28659,Gm20647,1
P28659,Gm20548,1
P28659,Gm16552,1
P28659,Gm15751,1
P28659,Gm15903,1
P28659,2900089D17Rik,1
P28659,Gm15708,1
P28659,BC028471,1
P28659,Gm14540,1
P28659,4930599N23Rik,1
P28659,Gm16272,1
P28659,4930533I22Rik,1
P28659,BB365896,1
P28659,Gm20536,1
P28659,Gm15856,1
P28659,Gm12758,1
P28659,0610005C13Rik,1
P28659,A230056P14Rik,1
P28659,Gm20457,1
P28659,Gm7580,1
P28659,Gm15635,1
P28659,Gm10602,1
P28659,Gm21984,1
P28659,Gm15533,1
P28659,4932443L11Rik,1
P28659,Gm15347,1
P28659,Gm15816,1
P28659,Gm16933,1
P28659,B430010I23Rik,1
P28659,4930512H18Rik,1
P28659,Gm16091,1
P28659,1700092C02Rik,1
P28659,A230103J11Rik,1
P28659,AA672651,1
P28659,Gm16156,1
P28659,Gm15655,1
P28659,Gm16163,1
P28659,1700084C06Rik,1
P28659,1700110K17Rik,1
P28659,Gm16536,1
P28659,Gm10658,1
P28659,Gm15563,1
P28659,Gm16262,1
P28659,Gm17041,1
P28659,Gm16343,1
P28659,Gm2415,1
P28659,A730085K08Rik,1
P28659,Gm17200,1
P28659,Gm17021,1
P28659,Gm16189,1
P28659,Gm14817,1
P28659,Gm14858,1
P28659,Gm15243,1
P28659,Gm15178,1
P28659,Gm20711,1
P28659,Gm15122,1
P28659,Gm16235,1
P28659,Gm15910,1
P28659,Gm12002,1
P28659,Gm17056,1
P28659,Gm15935,1
P28659,Airn,1
P28659,Gm1976,1
P28659,Gm20616,1
P28659,Gm13944,1
P28659,Gm11457,1
P28659,Gm15886,1
P28659,Gm12802,1
P28659,Gm12977,1
P28659,Gm15747,1
P28659,Gm14546,1
P28659,Gm14547,1
P28659,8030453O22Rik,1
P28659,Gm15545,1
P28659,1700047A11Rik,1
P28659,Gm16192,1
P28659,Gm16193,1
P28659,5330439A09Rik,1
P28659,Gm3235,1
P28659,Gm17344,1
P28659,9430091E24Rik,1
P28659,Gm15684,1
P28659,Gm3896,1
Q921F2,Gm1992,1
Q921F2,Gm16041,1
Q921F2,4732440D04Rik,1
Q921F2,2610203C22Rik,1
Q921F2,Snhg6,1
Q921F2,Gm7568,1
Q921F2,Gm16070,1
Q921F2,Gm15825,1
Q921F2,4930439A04Rik,1
Q921F2,4930556I23Rik,1
Q921F2,Gm16150,1
Q921F2,Gm16151,1
Q921F2,Gm16152,1
Q921F2,Gm15832,1
Q921F2,Gm20646,1
Q921F2,9130024F11Rik,1
Q921F2,Gm17234,1
Q921F2,Gm15759,1
Q921F2,Gm15834,1
Q921F2,Gm11588,1
Q921F2,Gm13749,1
Q921F2,Gm13748,1
Q921F2,2810408I11Rik,1
Q921F2,Gm10558,1
Q921F2,Gm15671,1
Q921F2,Gm16076,1
Q921F2,Gm16582,1
Q921F2,Gm15841,1
Q921F2,Gm15179,1
Q921F2,Gm15178,1
Q921F2,Gm16341,1
Q921F2,C130036L24Rik,1
Q921F2,Gm20528,1
Q921F2,4930453O03Rik,1
Q921F2,Gm17090,1
Q921F2,B230216N24Rik,1
Q921F2,Gm15699,1
Q921F2,D630008O14Rik,1
Q921F2,Gm15392,1
Q921F2,Gm15674,1
Q921F2,Gm16083,1
Q921F2,Gm15849,1
Q921F2,Gm15851,1
Q921F2,Ptprv,1
Q921F2,4930596I21Rik,1
Q921F2,Gm15584,1
Q921F2,Gm20631,1
Q921F2,Gm10138,1
Q921F2,Gm15479,1
Q921F2,Gas5,1
Q921F2,2810442N19Rik,1
Q921F2,Gm20471,1
Q921F2,Gm16565,1
Q921F2,Gm20711,1
Q921F2,Gm15852,1
Q921F2,Gm9929,1
Q921F2,Gm15423,1
Q921F2,Gm16564,1
Q921F2,2210411M09Rik,1
Q921F2,A430110L20Rik,1
Q921F2,D730003I15Rik,1
Q921F2,1700034H15Rik,1
Q921F2,4930570N18Rik,1
Q921F2,Gm16153,1
Q921F2,Gm21781,1
Q921F2,Gm20470,1
Q921F2,B430219N15Rik,1
Q921F2,Gm16577,1
Q921F2,Gm20655,1
Q921F2,Gm15270,1
Q921F2,Gm15939,1
Q921F2,Gm16365,1
Q921F2,E130307A14Rik,1
Q921F2,5730435O14Rik,1
Q921F2,Pldi,1
Q921F2,Gm15398,1
Q921F2,Gm15397,1
Q921F2,Gm16240,1
Q921F2,4930483K19Rik,1
Q921F2,Gm15122,1
Q921F2,Gm16099,1
Q921F2,Gm16104,1
Q921F2,Gm16105,1
Q921F2,1700025N21Rik,1
Q921F2,4930486F22Rik,1
Q921F2,Gm15344,1
Q921F2,Gm16268,1
Q921F2,Gm16271,1
Q921F2,Gm16235,1
Q921F2,Rmst,1
Q921F2,Gm15915,1
Q921F2,Gm15963,1
Q921F2,Gm15663,1
Q921F2,4930473D10Rik,1
Q921F2,Gm15723,1
Q921F2,5330438D12Rik,1
Q921F2,D630029K05Rik,1
Q921F2,Gm15910,1
Q921F2,Gm4473,1
Q921F2,Gm16217,1
Q921F2,Gm16230,1
Q921F2,Gm17201,1
Q921F2,AC117232.1,1
Q921F2,Gm12735,1
Q921F2,Gm12592,1
Q921F2,Gm11944,1
Q921F2,Gm11948,1
Q921F2,8430429K09Rik,1
Q921F2,Gm11946,1
Q921F2,Tug1,1
Q921F2,Gm11963,1
Q921F2,Gm11973,1
Q921F2,Gm11986,1
Q921F2,Gm11998,1
Q921F2,1700042O10Rik,1
Q921F2,Gm12002,1
Q921F2,4930554G24Rik,1
Q921F2,Gm12023,1
Q921F2,8430419K02Rik,1
Q921F2,Gm16140,1
Q921F2,Gm16141,1
Q921F2,4933406G16Rik,1
Q921F2,Gm12031,1
Q921F2,Gm12055,1
Q921F2,Gm12056,1
Q921F2,Gm20456,1
Q921F2,9130230N09Rik,1
Q921F2,Gm12061,1
Q921F2,Gm12063,1
Q921F2,Gm12064,1
Q921F2,4930538E20Rik,1
Q921F2,4933430M04Rik,1
Q921F2,Gm10466,1
Q921F2,Gm12665,1
Q921F2,Gm12082,1
Q921F2,A630052C17Rik,1
Q921F2,Gm12089,1
Q921F2,Gm12092,1
Q921F2,Gm8098,1
Q921F2,D630024D03Rik,1
Q921F2,Gm12108,1
Q921F2,Gm12116,1
Q921F2,Gm12119,1
Q921F2,Gm12120,1
Q921F2,Gm12126,1
Q921F2,Gm12127,1
Q921F2,Gm12128,1
Q921F2,Gm12130,1
Q921F2,Gm12132,1
Q921F2,A230004M16Rik,1
Q921F2,Gm12145,1
Q921F2,Gm12146,1
Q921F2,Gm12150,1
Q921F2,Gm12153,1
Q921F2,4930597A21Rik,1
Q921F2,Gm12158,1
Q921F2,Gm12159,1
Q921F2,F630206G17Rik,1
Q921F2,Gm16033,1
Q921F2,Gm16170,1
Q921F2,Gm12199,1
Q921F2,Gm12200,1
Q921F2,Gm12207,1
Q921F2,A630014C17Rik,1
Q921F2,Gm12212,1
Q921F2,A430108G06Rik,1
Q921F2,4933405E24Rik,1
Q921F2,Gm12224,1
Q921F2,Gm12227,1
Q921F2,Gm12236,1
Q921F2,Gm12239,1
Q921F2,Gm12243,1
Q921F2,4933424L21Rik,1
Q921F2,2010001A14Rik,1
Q921F2,Gm12246,1
Q921F2,1700047K16Rik,1
Q921F2,Gm12259,1
Q921F2,Gm12256,1
Q921F2,2310058D17Rik,1
Q921F2,4933439C10Rik,1
Q921F2,1700007J10Rik,1
Q921F2,Gm16062,1
Q921F2,4930412M03Rik,1
Q921F2,Gm12265,1
Q921F2,Gm12272,1
Q921F2,A530017D24Rik,1
Q921F2,Gm12278,1
Q921F2,Gm12279,1
Q921F2,2410006H16Rik,1
Q921F2,B430319H21Rik,1
Q921F2,Gm12289,1
Q921F2,Gm12296,1
Q921F2,Gm12298,1
Q921F2,Gm12301,1
Q921F2,9130017K11Rik,1
Q921F2,Gm12316,1
Q921F2,Gm12320,1
Q921F2,Gm19967,1
Q921F2,Gm16013,1
Q921F2,4930563E22Rik,1
Q921F2,1700051A21Rik,1
Q921F2,4732414G09Rik,1
Q921F2,1700016P03Rik,1
Q921F2,Mir22hg,1
Q921F2,4931413K12Rik,1
Q921F2,Gm12339,1
Q921F2,Gm16075,1
Q921F2,Gm11190,1
Q921F2,Gm11201,1
Q921F2,AU040972,1
Q921F2,9130204K15Rik,1
Q921F2,C030013C21Rik,1
Q921F2,Gm11417,1
Q921F2,4930527B05Rik,1
Q921F2,Gm11418,1
Q921F2,Gm11419,1
Q921F2,AA465934,1
Q921F2,E230016K23Rik,1
Q921F2,Gm12576,1
Q921F2,4930502E09Rik,1
Q921F2,2610027K06Rik,1
Q921F2,Gm11491,1
Q921F2,Gm11508,1
Q921F2,Gm15892,1
Q921F2,Gm15893,1
Q921F2,C030037D09Rik,1
Q921F2,4930556N13Rik,1
Q921F2,Gm11496,1
Q921F2,Gm2018,1
Q921F2,4930405D11Rik,1
Q921F2,B230206L02Rik,1
Q921F2,Gm11513,1
Q921F2,Gm11520,1
Q921F2,4833417C18Rik,1
Q921F2,Gm11537,1
Q921F2,Gm11523,1
Q921F2,D030028A08Rik,1
Q921F2,Gm11525,1
Q921F2,Gm11532,1
Q921F2,Gm11583,1
Q921F2,Gm11592,1
Q921F2,Gm11611,1
Q921F2,2410003L11Rik,1
Q921F2,Gm11613,1
Q921F2,Gm11632,1
Q921F2,1700003D09Rik,1
Q921F2,Gm12356,1
Q921F2,Gm12359,1
Q921F2,A830036E02Rik,1
Q921F2,Gm11615,1
Q921F2,Gm20659,1
Q921F2,E130111B04Rik,1
Q921F2,2810433D01Rik,1
Q921F2,1700028N14Rik,1
Q921F2,C130046K22Rik,1
Q921F2,Gm11659,1
Q921F2,Gm11638,1
Q921F2,Gm11646,1
Q921F2,Gm11672,1
Q921F2,Gm11716,1
Q921F2,Gm11712,1
Q921F2,Gm11713,1
Q921F2,Gm11714,1
Q921F2,Gm11722,1
Q921F2,C330019F10Rik,1
Q921F2,Gm11657,1
Q921F2,Gm11655,1
Q921F2,Gm11656,1
Q921F2,Gm11670,1
Q921F2,Gm15642,1
Q921F2,Gm11685,1
Q921F2,Gm11697,1
Q921F2,Gm11680,1
Q921F2,BC006965,1
Q921F2,Gm11681,1
Q921F2,4933434M16Rik,1
Q921F2,2610035D17Rik,1
Q921F2,1700025D23Rik,1
Q921F2,4932435O22Rik,1
Q921F2,Gm11739,1
Q921F2,Gm11728,1
Q921F2,Gm16045,1
Q921F2,Gm11734,1
Q921F2,2900041M22Rik,1
Q921F2,Gm11725,1
Q921F2,Gm11750,1
Q921F2,Gm11753,1
Q921F2,Gm11752,1
Q921F2,Gm11762,1
Q921F2,Gm11767,1
Q921F2,Gm11766,1
Q921F2,Gm11769,1
Q921F2,2900052L18Rik,1
Q921F2,Gm11772,1
Q921F2,Gm17178,1
Q921F2,Gm11773,1
Q921F2,Gm20535,1
Q921F2,AC140457.1,1
Q921F2,Gm9866,1
Q921F2,Gm15691,1
Q921F2,F730043M19Rik,1
Q921F2,Gm16267,1
Q921F2,Gm17056,1
Q921F2,Gm17024,1
Q921F2,Gm15902,1
Q921F2,3110039M20Rik,1
Q921F2,C87198,1
Q921F2,4921518K17Rik,1
Q921F2,Gm15561,1
Q921F2,F730035M05Rik,1
Q921F2,3110056K07Rik,1
Q921F2,4930474H06Rik,1
Q921F2,Gm15283,1
Q921F2,Gm17191,1
Q921F2,6530401F13Rik,1
Q921F2,Gm17139,1
Q921F2,Gm17193,1
Q921F2,5430427M07Rik,1
Q921F2,Gm8378,1
Q921F2,Gm16876,1
Q921F2,Gm20682,1
Q921F2,3300002A11Rik,1
Q921F2,Gm20036,1
Q921F2,Gm16339,1
Q921F2,Gm20069,1
Q921F2,Gm15523,1
Q921F2,4933406K04Rik,1
Q921F2,Gm16086,1
Q921F2,Gm16085,1
Q921F2,Gm15208,1
Q921F2,Meg3,1
Q921F2,Rian,1
Q921F2,Mirg,1
Q921F2,Gm15995,1
Q921F2,Gm15996,1
Q921F2,Gm20658,1
Q921F2,4930470G03Rik,1
Q921F2,4930586N03Rik,1
Q921F2,Gm11342,1
Q921F2,4932702P03Rik,1
Q921F2,9330162012Rik,1
Q921F2,Gm11351,1
Q921F2,2610307P16Rik,1
Q921F2,A330102I10Rik,1
Q921F2,Gm11365,1
Q921F2,Gm11376,1
Q921F2,G630018N14Rik,1
Q921F2,1700018A04Rik,1
Q921F2,1110046J04Rik,1
Q921F2,Gm16984,1
Q921F2,A730081D07Rik,1
Q921F2,Gm15810,1
Q921F2,Gm15809,1
Q921F2,Gm15813,1
Q921F2,Gm16248,1
Q921F2,4930451E10Rik,1
Q921F2,Etohd2,1
Q921F2,Gm16133,1
Q921F2,Gm16132,1
Q921F2,A530095I07Rik,1
Q921F2,Gm20554,1
Q921F2,Gm15912,1
Q921F2,A830082K12Rik,1
Q921F2,1700023H06Rik,1
Q921F2,C130071C03Rik,1
Q921F2,Gm4117,1
Q921F2,4833422C13Rik,1
Q921F2,C030017D09Rik,1
Q921F2,AW495222,1
Q921F2,Gm15907,1
Q921F2,Gm16243,1
Q921F2,5330416C01Rik,1
Q921F2,Gm9828,1
Q921F2,Gm17160,1
Q921F2,2610204G07Rik,1
Q921F2,Gm15286,1
Q921F2,4930544M13Rik,1
Q921F2,4933413L06Rik,1
Q921F2,Gm16263,1
Q921F2,Gm9752,1
Q921F2,Gm17188,1
Q921F2,Gm16741,1
Q921F2,Gm10044,1
Q921F2,Gm3848,1
Q921F2,Gm5087,1
Q921F2,Gm11100,1
Q921F2,1810062O18Rik,1
Q921F2,Gm15935,1
Q921F2,Gm10248,1
Q921F2,Gm17105,1
Q921F2,4933413J09Rik,1
Q921F2,1700087M22Rik,1
Q921F2,D830044D21Rik,1
Q921F2,Gm17210,1
Q921F2,AC154412.1,1
Q921F2,Gm15512,1
Q921F2,Gm17110,1
Q921F2,Gm20641,1
Q921F2,Gm20642,1
Q921F2,Gm17173,1
Q921F2,Gm15601,1
Q921F2,Gm15218,1
Q921F2,Gm10101,1
Q921F2,Gm10371,1
Q921F2,4930579G18Rik,1
Q921F2,Gm20687,1
Q921F2,Gm15932,1
Q921F2,Gm16573,1
Q921F2,Dleu2,1
Q921F2,Gm17232,1
Q921F2,Gm15918,1
Q921F2,4930471C04Rik,1
Q921F2,Gm17116,1
Q921F2,1700001G11Rik,1
Q921F2,1700120O09Rik,1
Q921F2,Gm10860,1
Q921F2,Gm16549,1
Q921F2,Gm17233,1
Q921F2,Gm15628,1
Q921F2,Gm19301,1
Q921F2,4930517O19Rik,1
Q921F2,Gm17066,1
Q921F2,Mir17hg,1
Q921F2,4930505G20Rik,1
Q921F2,Gm20713,1
Q921F2,Gm16835,1
Q921F2,B930095G15Rik,1
Q921F2,4930594M22Rik,1
Q921F2,Gm15632,1
Q921F2,Gm15938,1
Q921F2,Gm2245,1
Q921F2,C030047K22Rik,1
Q921F2,Gm15941,1
Q921F2,Gm15942,1
Q921F2,Gm15940,1
Q921F2,Gm16006,1
Q921F2,9330154K18Rik,1
Q921F2,Gm15943,1
Q921F2,Pvt1,1
Q921F2,Gm20717,1
Q921F2,Gm17035,1
Q921F2,Gm20732,1
Q921F2,Gm15945,1
Q921F2,A730060N03Rik,1
Q921F2,Gm10863,1
Q921F2,Gm20420,1
Q921F2,Gm16059,1
Q921F2,Gm16575,1
Q921F2,Gm16576,1
Q921F2,4930483J18Rik,1
Q921F2,Gm17025,1
Q921F2,1700001L05Rik,1
Q921F2,Gm15722,1
Q921F2,Gm15569,1
Q921F2,1810021B22Rik,1
Q921F2,C230037L18Rik,1
Q921F2,Gm15609,1
Q921F2,D030018L15Rik,1
Q921F2,Gm16537,1
Q921F2,Gm17058,1
Q921F2,Gm17057,1
Q921F2,Gm21917,1
Q921F2,Gm15879,1
Q921F2,Gm15835,1
Q921F2,Gm15983,1
Q921F2,Gm15558,1
Q921F2,Gm15738,1
Q921F2,Gm15868,1
Q921F2,1700056N10Rik,1
Q921F2,AC110573.1,1
Q921F2,Gm15764,1
Q921F2,4930588K23Rik,1
Q921F2,AC114990.2,1
Q921F2,9230117E06Rik,1
Q921F2,Gm15651,1
Q921F2,B630019A10Rik,1
Q921F2,AU015336,1
Q921F2,Gm20319,1
Q921F2,CT025592.1,1
Q921F2,CT030736.1,1
Q921F2,Gm15742,1
Q921F2,Gm15743,1
Q921F2,Gm15729,1
Q921F2,Gm17106,1
Q921F2,Gm15657,1
Q921F2,Gm15829,1
Q921F2,Gm15564,1
Q921F2,4930565N06Rik,1
Q921F2,Gm17103,1
Q921F2,4932412D23Rik,1
Q921F2,Gm9968,1
Q921F2,Gm15713,1
Q921F2,Gm15638,1
Q921F2,Gm15518,1
Q921F2,1700010K23Rik,1
Q921F2,4933411O13Rik,1
Q921F2,Gm21816,1
Q921F2,B130034C11Rik,1
Q921F2,Gm15965,1
Q921F2,4930404I05Rik,1
Q921F2,4931406G06Rik,1
Q921F2,Gm15964,1
Q921F2,Gm10785,1
Q921F2,Gm15976,1
Q921F2,D430001F17Rik,1
Q921F2,Gm16310,1
Q921F2,Gm15342,1
Q921F2,AC183097.1,1
Q921F2,AC168090.1,1
Q921F2,E430024P14Rik,1
Q921F2,4930506C21Rik,1
Q921F2,A230009B12Rik,1
Q921F2,Gm16168,1
Q921F2,Gm16169,1
Q921F2,Airn,1
Q921F2,Gm16050,1
Q921F2,Gm16046,1
Q921F2,AC154378.1,1
Q921F2,AC154200.1,1
Q921F2,Gm16275,1
Q921F2,D330041H03Rik,1
Q921F2,2810468N07Rik,1
Q921F2,Gm16278,1
Q921F2,Gm17218,1
Q921F2,Gm17382,1
Q921F2,Gm20468,1
Q921F2,Gm15597,1
Q921F2,Trp53cor1,1
Q921F2,AC163629.1,1
Q921F2,Gm16758,1
Q921F2,Gm17251,1
Q921F2,BC051226,1
Q921F2,Gm20427,1
Q921F2,Gm10501,1
Q921F2,Gm16279,1
Q921F2,Gm20508,1
Q921F2,A930015D03Rik,1
Q921F2,BC023719,1
Q921F2,AY036118,1
Q921F2,1700071M16Rik,1
Q921F2,Gm16172,1
Q921F2,AC165259.1,1
Q921F2,Gm15556,1
Q921F2,Gm17168,1
Q921F2,4930405O22Rik,1
Q921F2,Gm17133,1
Q921F2,AC122487.1,1
Q921F2,AC079441.1,1
Q921F2,Gm20703,1
Q921F2,CT009715.1,1
Q921F2,AC126942.1,1
Q921F2,Trmt61b,1
Q921F2,D630014O11Rik,1
Q921F2,Six3os1,1
Q921F2,4930480K15Rik,1
Q921F2,Gm1976,1
Q921F2,AC138768.1,1
Q921F2,Gm10125,1
Q921F2,Gm17036,1
Q921F2,AC100751.1,1
Q921F2,Gm15956,1
Q921F2,Gm15485,1
Q921F2,Gm15328,1
Q921F2,1700001G01Rik,1
Q921F2,Gm16090,1
Q921F2,2010320O07Rik,1
Q921F2,Gm15334,1
Q921F2,Gm15336,1
Q921F2,Gm15337,1
Q921F2,4933407I08Rik,1
Q921F2,C030005K06Rik,1
Q921F2,1700066O22Rik,1
Q921F2,B430212C06Rik,1
Q921F2,D730045A05Rik,1
Q921F2,Gm20544,1
Q921F2,F830208F22Rik,1
Q921F2,Gm16066,1
Q921F2,A930001C03Rik,1
Q921F2,Gm21844,1
Q921F2,4930481A15Rik,1
Q921F2,Gm16538,1
Q921F2,Malat1,1
Q921F2,Gm20417,1
Q921F2,Neat1,1
Q921F2,Gm14963,1
Q921F2,Gm14966,1
Q921F2,Gm14965,1
Q921F2,Gm14964,1
Q921F2,Gm14967,1
Q921F2,Gm9750,1
Q921F2,A330040F15Rik,1
Q921F2,Gm20616,1
Q921F2,4931403E22Rik,1
Q921F2,4933413C19Rik,1
Q921F2,A830019P07Rik,1
Q921F2,I830134H01Rik,1
Q921F2,Gm16541,1
Q921F2,Gm20395,1
Q921F2,1700039E22Rik,1
Q921F2,Gm15491,1
Q921F2,Gm16726,1
Q921F2,Gm16068,1
Q921F2,AC140413.1,1
Q921F2,Gm16277,1
Q921F2,Emx2os,1
Q921F2,Gm17203,1
Q921F2,Gm13185,1
Q921F2,Gm13180,1
Q921F2,1700080N15Rik,1
Q921F2,Gm13189,1
Q921F2,Gm13187,1
Q921F2,Gm13175,1
Q921F2,4930551O13Rik,1
Q921F2,Gm13267,1
Q921F2,A230108P19Rik,1
Q921F2,Gm13391,1
Q921F2,Gm13389,1
Q921F2,Gm13211,1
Q921F2,Gm13219,1
Q921F2,Gm13218,1
Q921F2,Gm13256,1
Q921F2,Gm13262,1
Q921F2,Gm13264,1
Q921F2,Gm13293,1
Q921F2,E030013I19Rik,1
Q921F2,Gm13270,1
Q921F2,Gm13266,1
Q921F2,Gm13269,1
Q921F2,Gm13322,1
Q921F2,Gm13324,1
Q921F2,Gm13330,1
Q921F2,1810059C17Rik,1
Q921F2,4930447M23Rik,1
Q921F2,Gm13344,1
Q921F2,Gm17171,1
Q921F2,Gm13335,1
Q921F2,Gm13362,1
Q921F2,Gm13380,1
Q921F2,Gm13376,1
Q921F2,Gm13327,1
Q921F2,Gm13415,1
Q921F2,A230005M16Rik,1
Q921F2,Gm13554,1
Q921F2,1810012K08Rik,1
Q921F2,Gm13562,1
Q921F2,Gm13563,1
Q921F2,0610009E02Rik,1
Q921F2,AA645442,1
Q921F2,2810430I11Rik,1
Q921F2,Gm13372,1
Q921F2,F730016J06Rik,1
Q921F2,Gm13373,1
Q921F2,Gm13381,1
Q921F2,6530402F18Rik,1
Q921F2,Gm13402,1
Q921F2,Gm14471,1
Q921F2,9330198N18Rik,1
Q921F2,Gm14486,1
Q921F2,Gm14488,1
Q921F2,D330023K18Rik,1
Q921F2,Gm13405,1
Q921F2,Gm13427,1
Q921F2,Gm13441,1
Q921F2,Gm13609,1
Q921F2,Gm16534,1
Q921F2,Gm13610,1
Q921F2,Gm13524,1
Q921F2,Gm13528,1
Q921F2,Gm13536,1
Q921F2,Gm13530,1
Q921F2,C130021I20Rik,1
Q921F2,Nron,1
Q921F2,Gm13403,1
Q921F2,Gm13404,1
Q921F2,C230014O12Rik,1
Q921F2,C79798,1
Q921F2,Gm13446,1
Q921F2,9030204H09Rik,1
Q921F2,Gm13429,1
Q921F2,Gm13431,1
Q921F2,Gm13556,1
Q921F2,Gm13584,1
Q921F2,Gm13589,1
Q921F2,Gm13479,1
Q921F2,Gm13470,1
Q921F2,Gm13481,1
Q921F2,Gm13480,1
Q921F2,Gm13483,1
Q921F2,Gm13497,1
Q921F2,Gm13490,1
Q921F2,A430018G15Rik,1
Q921F2,Gm14033,1
Q921F2,BB557941,1
Q921F2,4930555B11Rik,1
Q921F2,Gm13546,1
Q921F2,Gm13544,1
Q921F2,Gm13558,1
Q921F2,Gm13572,1
Q921F2,Gm13561,1
Q921F2,Gm13564,1
Q921F2,Gm13569,1
Q921F2,Gm13595,1
Q921F2,Gm13619,1
Q921F2,Gm13617,1
Q921F2,Gm13618,1
Q921F2,Gm13630,1
Q921F2,Gm13629,1
Q921F2,Gm13599,1
Q921F2,Gm13601,1
Q921F2,Gm13625,1
Q921F2,Gm13631,1
Q921F2,Dlx1as,1
Q921F2,6430710C18Rik,1
Q921F2,Gm13703,1
Q921F2,Gm13709,1
Q921F2,D230022J07Rik,1
Q921F2,Gm13707,1
Q921F2,Gm13708,1
Q921F2,4930445N08Rik,1
Q921F2,Gm13652,1
Q921F2,Gm13660,1
Q921F2,Gm13938,1
Q921F2,Gm13944,1
Q921F2,4930440I19Rik,1
Q921F2,Gm13684,1
Q921F2,Gm13710,1
Q921F2,4930443O20Rik,1
Q921F2,Gm13713,1
Q921F2,Gm13716,1
Q921F2,Gm13715,1
Q921F2,4933423P22Rik,1
Q921F2,Ptpmt1,1
Q921F2,Gm13778,1
Q921F2,Gm13783,1
Q921F2,Gm13780,1
Q921F2,D930015M05Rik,1
Q921F2,Gm13814,1
Q921F2,Gm13816,1
Q921F2,Gm13791,1
Q921F2,4631405J19Rik,1
Q921F2,Gm13807,1
Q921F2,Gm10804,1
Q921F2,2810002D19Rik,1
Q921F2,Gm13794,1
Q921F2,4930445B16Rik,1
Q921F2,Gm13905,1
Q921F2,Gm13919,1
Q921F2,Gm13872,1
Q921F2,BC016548,1
Q921F2,4930547E08Rik,1
Q921F2,Gm13883,1
Q921F2,4930527A07Rik,1
Q921F2,Gm13954,1
Q921F2,Gm14015,1
Q921F2,BB218582,1
Q921F2,Gm13912,1
Q921F2,Gm20638,1
Q921F2,Gm13936,1
Q921F2,Gm13963,1
Q921F2,Gm13965,1
Q921F2,4930533B01Rik,1
Q921F2,A530058N18Rik,1
Q921F2,Gm13972,1
Q921F2,Gm13974,1
Q921F2,3110099E03Rik,1
Q921F2,Gm13977,1
Q921F2,2700033N17Rik,1
Q921F2,G630016G05Rik,1
Q921F2,D330050G23Rik,1
Q921F2,Gm13986,1
Q921F2,A930104D05Rik,1
Q921F2,1700054M17Rik,1
Q921F2,Gm14091,1
Q921F2,Gm14207,1
Q921F2,1700020I14Rik,1
Q921F2,Gm13999,1
Q921F2,AV039307,1
Q921F2,Gm14978,1
Q921F2,4930417H01Rik,1
Q921F2,4930517E11Rik,1
Q921F2,4930583P06Rik,1
Q921F2,Gm14004,1
Q921F2,Gm14002,1
Q921F2,A530010F05Rik,1
Q921F2,Gm14009,1
Q921F2,Gm14005,1
Q921F2,Gm14011,1
Q921F2,Gm14027,1
Q921F2,Gm14022,1
Q921F2,AI847159,1
Q921F2,A730036I17Rik,1
Q921F2,9830144P21Rik,1
Q921F2,Gm14023,1
Q921F2,Gm14040,1
Q921F2,4930473A02Rik,1
Q921F2,A730017L22Rik,1
Q921F2,Gm14232,1
Q921F2,Gm14285,1
Q921F2,Gm14280,1
Q921F2,AV099323,1
Q921F2,4921508D12Rik,1
Q921F2,AU019990,1
Q921F2,Gm14097,1
Q921F2,4930545L23Rik,1
Q921F2,9630028H03Rik,1
Q921F2,Gm14209,1
Q921F2,Gm14211,1
Q921F2,Gm14210,1
Q921F2,Gm14218,1
Q921F2,Gm14064,1
Q921F2,Gm14066,1
Q921F2,4930444E06Rik,1
Q921F2,Gm14093,1
Q921F2,A930019D19Rik,1
Q921F2,9030622O22Rik,1
Q921F2,Gm14133,1
Q921F2,Gm14167,1
Q921F2,Gm14154,1
Q921F2,Gm14164,1
Q921F2,1700030C14Rik,1
Q921F2,2500004C02Rik,1
Q921F2,Gm14216,1
Q921F2,Gm16098,1
Q921F2,Gm14252,1
Q921F2,Gm14225,1
Q921F2,Gm14224,1
Q921F2,Gm14168,1
Q921F2,Gm14169,1
Q921F2,4930405A21Rik,1
Q921F2,5430405H02Rik,1
Q921F2,Gm14286,1
Q921F2,Gm14204,1
Q921F2,Gm14223,1
Q921F2,Gm16751,1
Q921F2,Gm14228,1
Q921F2,Gm14241,1
Q921F2,9430021M05Rik,1
Q921F2,Gm11454,1
Q921F2,Gm16316,1
Q921F2,Gm11455,1
Q921F2,Gm11457,1
Q921F2,Gm14397,1
Q921F2,BC046401,1
Q921F2,Gm11465,1
Q921F2,Gm11468,1
Q921F2,Gm14268,1
Q921F2,5031425F14Rik,1
Q921F2,Gm17096,1
Q921F2,1110018N20Rik,1
Q921F2,Gm14291,1
Q921F2,Gm11476,1
Q921F2,Gm14320,1
Q921F2,A530013C23Rik,1
Q921F2,9230111E07Rik,1
Q921F2,1200007C13Rik,1
Q921F2,Gm14262,1
Q921F2,Gm9873,1
Q921F2,Gm14250,1
Q921F2,4930529I22Rik,1
Q921F2,Gm14249,1
Q921F2,Gm16796,1
Q921F2,Gm14455,1
Q921F2,Gm10714,1
Q921F2,Nespas,1
Q921F2,Gm14618,1
Q921F2,B230312C02Rik,1
Q921F2,Gm14342,1
Q921F2,Gm14339,1
Q921F2,Gm14341,1
Q921F2,2700069I18Rik,1
Q921F2,Gm16337,1
Q921F2,Gm16093,1
Q921F2,1700112D23Rik,1
Q921F2,Gm15496,1
Q921F2,4930419G24Rik,1
Q921F2,Sox2ot,1
Q921F2,Gm20515,1
Q921F2,Gm15952,1
Q921F2,Gm12531,1
Q921F2,Gm12532,1
Q921F2,C230034O21Rik,1
Q921F2,4930577N17Rik,1
Q921F2,Gm10728,1
Q921F2,Gm20402,1
Q921F2,Gm16206,1
Q921F2,A730090N16Rik,1
Q921F2,Gm3513,1
Q921F2,Gm16000,1
Q921F2,Gm15535,1
Q921F2,Gm16069,1
Q921F2,Gm15998,1
Q921F2,Gm15417,1
Q921F2,Gm16048,1
Q921F2,B230398E01Rik,1
Q921F2,A730011C13Rik,1
Q921F2,6330562C20Rik,1
Q921F2,C920021L13Rik,1
Q921F2,Gm15444,1
Q921F2,Gm20633,1
Q921F2,Gm20627,1
Q921F2,Gm20628,1
Q921F2,Gm15999,1
Q921F2,5730437C11Rik,1
Q921F2,Gm12474,1
Q921F2,Gm16160,1
Q921F2,Gm15886,1
Q921F2,Gm15472,1
Q921F2,AI504432,1
Q921F2,4933431E20Rik,1
Q921F2,Gm12524,1
Q921F2,1700010K24Rik,1
Q921F2,Gm17494,1
Q921F2,Gm17225,1
Q921F2,Gm15551,1
Q921F2,Gm16559,1
Q921F2,Gm15688,1
Q921F2,Gm15689,1
Q921F2,Gm16325,1
Q921F2,Gm10287,1
Q921F2,Gm16213,1
Q921F2,Gm16231,1
Q921F2,4930570G19Rik,1
Q921F2,Gm15577,1
Q921F2,2210414B05Rik,1
Q921F2,A830012C17Rik,1
Q921F2,Gm11802,1
Q921F2,Gm11816,1
Q921F2,Gm11817,1
Q921F2,4930412C18Rik,1
Q921F2,1700123O12Rik,1
Q921F2,Gm11827,1
Q921F2,Gm11831,1
Q921F2,1700123M08Rik,1
Q921F2,Gm11840,1
Q921F2,Gm11842,1
Q921F2,Gm11820,1
Q921F2,Gm11823,1
Q921F2,Gm11837,1
Q921F2,Gm11844,1
Q921F2,A530072M11Rik,1
Q921F2,Gm11861,1
Q921F2,Gm11867,1
Q921F2,4930480G23Rik,1
Q921F2,Gm11884,1
Q921F2,C230012O17Rik,1
Q921F2,Gm11906,1
Q921F2,4930548K13Rik,1
Q921F2,Gm11915,1
Q921F2,4930556G01Rik,1
Q921F2,4933421O10Rik,1
Q921F2,Gm12367,1
Q921F2,Gm12371,1
Q921F2,Gm17094,1
Q921F2,4933428C19Rik,1
Q921F2,Gm13307,1
Q921F2,Gm12454,1
Q921F2,Gm12472,1
Q921F2,Gm12473,1
Q921F2,Gm12503,1
Q921F2,Gm12462,1
Q921F2,Gm12678,1
Q921F2,Gm12446,1
Q921F2,Gm16731,1
Q921F2,Gm12434,1
Q921F2,Gm12436,1
Q921F2,4930412L05Rik,1
Q921F2,1700060J05Rik,1
Q921F2,Gm12514,1
Q921F2,Gm12505,1
Q921F2,Gm12510,1
Q921F2,Gm12511,1
Q921F2,Gm12536,1
Q921F2,Gm12526,1
Q921F2,Gm12580,1
Q921F2,Gm12596,1
Q921F2,Gm12542,1
Q921F2,Gm11210,1
Q921F2,Gm11482,1
Q921F2,8030451A03Rik,1
Q921F2,Gm11751,1
Q921F2,Gm11234,1
Q921F2,Gm11250,1
Q921F2,C630043F03Rik,1
Q921F2,A230083N12Rik,1
Q921F2,Gm11264,1
Q921F2,Gm5860,1
Q921F2,Gm11266,1
Q921F2,Gm12600,1
Q921F2,Gm12609,1
Q921F2,Gm12637,1
Q921F2,Gm12648,1
Q921F2,Gm12655,1
Q921F2,Gm12694,1
Q921F2,9530080O11Rik,1
Q921F2,Gm12705,1
Q921F2,Gm12796,1
Q921F2,E130102H24Rik,1
Q921F2,0610043K17Rik,1
Q921F2,Gm12798,1
Q921F2,Gm12709,1
Q921F2,BB031773,1
Q921F2,Gm12724,1
Q921F2,2700068H02Rik,1
Q921F2,Gm12744,1
Q921F2,Gm12746,1
Q921F2,Gm12802,1
Q921F2,1700047F07Rik,1
Q921F2,Gm12737,1
Q921F2,Gm12743,1
Q921F2,Gm17354,1
Q921F2,8030443G20Rik,1
Q921F2,Gm12811,1
Q921F2,Gm12823,1
Q921F2,9130410C08Rik,1
Q921F2,Gm12847,1
Q921F2,Gm12951,1
Q921F2,C530005A16Rik,1
Q921F2,Gm12996,1
Q921F2,Gm12843,1
Q921F2,Gm12828,1
Q921F2,Gm12827,1
Q921F2,Gm17114,1
Q921F2,Gm12841,1
Q921F2,9530034E10Rik,1
Q921F2,Gm12853,1
Q921F2,Gm12866,1
Q921F2,Gm12867,1
Q921F2,Gm12868,1
Q921F2,Gm12898,1
Q921F2,Gm12927,1
Q921F2,Gm12925,1
Q921F2,1700121C08Rik,1
Q921F2,Gm12905,1
Q921F2,1700057H15Rik,1
Q921F2,4933407E24Rik,1
Q921F2,Gm12915,1
Q921F2,1700125G02Rik,1
Q921F2,Gm12930,1
Q921F2,1700041M05Rik,1
Q921F2,2610028E06Rik,1
Q921F2,Gm12945,1
Q921F2,Gm12940,1
Q921F2,1700080G11Rik,1
Q921F2,Gm15904,1
Q921F2,1700086P04Rik,1
Q921F2,Gm12979,1
Q921F2,1700003M07Rik,1
Q921F2,Gm12963,1
Q921F2,Gm12971,1
Q921F2,Gm12970,1
Q921F2,Gm831,1
Q921F2,Gm12962,1
Q921F2,Gm12992,1
Q921F2,Snhg12,1
Q921F2,Snhg3,1
Q921F2,Gm17300,1
Q921F2,Gm12981,1
Q921F2,Gm12999,1
Q921F2,Gm12977,1
Q921F2,Gm13008,1
Q921F2,Gm13012,1
Q921F2,1700095J12Rik,1
Q921F2,Gm13028,1
Q921F2,4933427I22Rik,1
Q921F2,Gm13027,1
Q921F2,Gm13029,1
Q921F2,Gm13017,1
Q921F2,Gm13021,1
Q921F2,Gm13026,1
Q921F2,Gm13031,1
Q921F2,AI507597,1
Q921F2,4930455G09Rik,1
Q921F2,Gm13062,1
Q921F2,Gm13052,1
Q921F2,Gm20707,1
Q921F2,Gm13054,1
Q921F2,Gm13206,1
Q921F2,Gm13200,1
Q921F2,Gm17029,1
Q921F2,Gm13066,1
Q921F2,Gm13070,1
Q921F2,Gm13067,1
Q921F2,Gm13093,1
Q921F2,Gm13091,1
Q921F2,1700045H11Rik,1
Q921F2,4930589P08Rik,1
Q921F2,Gm13645,1
Q921F2,Gm16334,1
Q921F2,Gm13133,1
Q921F2,Gm13134,1
Q921F2,Gm13111,1
Q921F2,Gm13110,1
Q921F2,Gm13112,1
Q921F2,Gm20421,1
Q921F2,5830444B04Rik,1
Q921F2,Gm16023,1
Q921F2,Gm16008,1
Q921F2,Gm13648,1
Q921F2,Gm4128,1
Q921F2,Gm10475,1
Q921F2,Gm15587,1
Q921F2,2900005J15Rik,1
Q921F2,Gm10062,1
Q921F2,Gm16058,1
Q921F2,Gm9899,1
Q921F2,Gm15461,1
Q921F2,Abhd1,1
Q921F2,4930566F21Rik,1
Q921F2,Gm17130,1
Q921F2,Gm15614,1
Q921F2,Gm15513,1
Q921F2,4931431C16Rik,1
Q921F2,2210406O10Rik,1
Q921F2,Gm16015,1
Q921F2,4930518C09Rik,1
Q921F2,Gm20475,1
Q921F2,Gm20700,1
Q921F2,Gm15819,1
Q921F2,Gm15948,1
Q921F2,Gm15478,1
Q921F2,Gm15477,1
Q921F2,Gm20647,1
Q921F2,Gm17207,1
Q921F2,Dancr,1
Q921F2,Gm15984,1
Q921F2,2310040G07Rik,1
Q921F2,1700112J05Rik,1
Q921F2,Gm16054,1
Q921F2,4930405H06Rik,1
Q921F2,Gm16226,1
Q921F2,Gm15777,1
Q921F2,4930458D05Rik,1
Q921F2,Gm20548,1
Q921F2,Gm17202,1
Q921F2,A930041C12Rik,1
Q921F2,Gm20629,1
Q921F2,Gm15787,1
Q921F2,Gm15788,1
Q921F2,A630023P12Rik,1
Q921F2,Gm15559,1
Q921F2,E130006D01Rik,1
Q921F2,Gm16019,1
Q921F2,Miat,1
Q921F2,Gm20636,1
Q921F2,Gm17122,1
Q921F2,Gm13822,1
Q921F2,Gm13830,1
Q921F2,Gm13832,1
Q921F2,Gm13840,1
Q921F2,Gm14508,1
Q921F2,C330018A13Rik,1
Q921F2,Gm14507,1
Q921F2,B230112J18Rik,1
Q921F2,9530046B11Rik,1
Q921F2,Gm16063,1
Q921F2,Gm16552,1
Q921F2,Gm15637,1
Q921F2,A930024E05Rik,1
Q921F2,AI480526,1
Q921F2,Gm15857,1
Q921F2,Gm15860,1
Q921F2,Gm15747,1
Q921F2,Gm15751,1
Q921F2,Gm16001,1
Q921F2,Tctn2,1
Q921F2,Gm15903,1
Q921F2,Wbscr25,1
Q921F2,Gm16599,1
Q921F2,A430110C17Rik,1
Q921F2,Gm20485,1
Q921F2,Gm17112,1
Q921F2,6330418K02Rik,1
Q921F2,Gm15672,1
Q921F2,Gm16122,1
Q921F2,Gm16035,1
Q921F2,Gm16036,1
Q921F2,Gm20635,1
Q921F2,9530056K15Rik,1
Q921F2,Gm17135,1
Q921F2,2900089D17Rik,1
Q921F2,Gm15721,1
Q921F2,Gm15406,1
Q921F2,1810059H22Rik,1
Q921F2,Gm15408,1
Q921F2,BC028471,1
Q921F2,Gm15997,1
Q921F2,1700019G24Rik,1
Q921F2,Gm20619,1
Q921F2,Gm20617,1
Q921F2,Gm20685,1
Q921F2,Gm20618,1
Q921F2,Gm16043,1
Q921F2,A430035B10Rik,1
Q921F2,Gm4876,1
Q921F2,Gm15581,1
Q921F2,Gm15592,1
Q921F2,Gm15594,1
Q921F2,Gm3294,1
Q921F2,1700012C14Rik,1
Q921F2,Gm13833,1
Q921F2,2210408F21Rik,1
Q921F2,Gm14532,1
Q921F2,Gm13844,1
Q921F2,Gm13849,1
Q921F2,Gm14540,1
Q921F2,Gm13853,1
Q921F2,Gm13856,1
Q921F2,Gm14546,1
Q921F2,Gm14547,1
Q921F2,1810058I24Rik,1
Q921F2,9330158H04Rik,1
Q921F2,4930599N23Rik,1
Q921F2,8030453O22Rik,1
Q921F2,Gm16272,1
Q921F2,5430402O13Rik,1
Q921F2,Gm15050,1
Q921F2,9530036M11Rik,1
Q921F2,Gm15527,1
Q921F2,9130019P16Rik,1
Q921F2,4930533I22Rik,1
Q921F2,BB365896,1
Q921F2,Gm5570,1
Q921F2,Gm16838,1
Q921F2,E230016M11Rik,1
Q921F2,Gm20536,1
Q921F2,Gm4409,1
Q921F2,Gm15864,1
Q921F2,Gm15624,1
Q921F2,B230319C09Rik,1
Q921F2,Gm15475,1
Q921F2,A430078I02Rik,1
Q921F2,E230015B07Rik,1
Q921F2,Gm15756,1
Q921F2,4930466I24Rik,1
Q921F2,AY512915,1
Q921F2,Gm20705,1
Q921F2,Gm15631,1
Q921F2,0610040F04Rik,1
Q921F2,Gm20387,1
Q921F2,Gt(ROSA)26Sor,1
Q921F2,Gm15492,1
Q921F2,Gm15082,1
Q921F2,Gm15083,1
Q921F2,Gm20404,1
Q921F2,Gm9946,1
Q921F2,Gm20692,1
Q921F2,Gm15856,1
Q921F2,Gm16556,1
Q921F2,Gm15884,1
Q921F2,Gm20531,1
Q921F2,Gm15870,1
Q921F2,Gm15862,1
Q921F2,Gm17088,1
Q921F2,Gm17089,1
Q921F2,Gm14329,1
Q921F2,Gm14330,1
Q921F2,A830011K09Rik,1
Q921F2,Gm7457,1
Q921F2,D6Ertd474e,1
Q921F2,2010013B24Rik,1
Q921F2,4930479D17Rik,1
Q921F2,E330012B07Rik,1
Q921F2,Gm6313,1
Q921F2,Gm15927,1
Q921F2,Gm15929,1
Q921F2,9430041J12Rik,1
Q921F2,D030047H15Rik,1
Q921F2,Gm15494,1
Q921F2,Gm15510,1
Q921F2,Gm20512,1
Q921F2,Gm16174,1
Q921F2,Gm16251,1
Q921F2,Gm15567,1
Q921F2,1110035H17Rik,1
Q921F2,Gm17077,1
Q921F2,Gm12762,1
Q921F2,Gm12758,1
Q921F2,Gm12764,1
Q921F2,Gm12766,1
Q921F2,Gm12784,1
Q921F2,Gm12781,1
Q921F2,Gm12756,1
Q921F2,Gm15396,1
Q921F2,Gm15545,1
Q921F2,Mtag2,1
Q921F2,0610005C13Rik,1
Q921F2,Gm15700,1
Q921F2,Gm14377,1
Q921F2,Gm2788,1
Q921F2,A230056P14Rik,1
Q921F2,A230006K03Rik,1
Q921F2,Gm9801,1
Q921F2,Gm20457,1
Q921F2,BC046251,1
Q921F2,Gm16157,1
Q921F2,Gm7580,1
Q921F2,Gm15880,1
Q921F2,4933406J10Rik,1
Q921F2,1700010L04Rik,1
Q921F2,Gm16638,1
Q921F2,2310044K18Rik,1
Q921F2,2610206C17Rik,1
Q921F2,4632427E13Rik,1
Q921F2,Gm15412,1
Q921F2,Gm15414,1
Q921F2,Gm15413,1
Q921F2,Gm15506,1
Q921F2,Gm15635,1
Q921F2,Gm20476,1
Q921F2,Gm10602,1
Q921F2,1700095J03Rik,1
Q921F2,2310014F06Rik,1
Q921F2,4933406I18Rik,1
Q921F2,1700003G18Rik,1
Q921F2,Gm15774,1
Q921F2,Gm15489,1
Q921F2,Gm15338,1
Q921F2,Gm15339,1
Q921F2,3100003L05Rik,1
Q921F2,Gm21984,1
Q921F2,B130055M24Rik,1
Q921F2,Gm15533,1
Q921F2,Gm15503,1
Q921F2,Gm5602,1
Q921F2,Gm15718,1
Q921F2,A130023I24Rik,1
Q921F2,Gm16201,1
Q921F2,B230206H07Rik,1
Q921F2,Gm20501,1
Q921F2,Nctc1,1
Q921F2,R74862,1
Q921F2,Gm14372,1
Q921F2,Gm16180,1
Q921F2,4932443L11Rik,1
Q921F2,Gm17215,1
Q921F2,Gm15418,1
Q921F2,Gm15419,1
Q921F2,Gm15875,1
Q921F2,Gm15350,1
Q921F2,Gm15347,1
Q921F2,Gm15353,1
Q921F2,Gm17023,1
Q921F2,Gm16346,1
Q921F2,Gm16347,1
Q921F2,Gm16725,1
Q921F2,Gm15346,1
Q921F2,Gm15816,1
Q921F2,Gm16933,1
Q921F2,Gm16159,1
Q921F2,1700047A11Rik,1
Q921F2,B430010I23Rik,1
Q921F2,Gm16192,1
Q921F2,Gm16193,1
Q921F2,AY512931,1
Q921F2,Gm16351,1
Q921F2,Gm15634,1
Q921F2,4930579M01Rik,1
Q921F2,4930555F03Rik,1
Q921F2,5330439A09Rik,1
Q921F2,Gm16178,1
Q921F2,Gm15356,1
Q921F2,Gm15991,1
Q921F2,1700125H03Rik,1
Q921F2,Gm16091,1
Q921F2,Gm11033,1
Q921F2,Gm10649,1
Q921F2,1700092C02Rik,1
Q921F2,Gm9725,1
Q921F2,4930579O11Rik,1
Q921F2,Gm16183,1
Q921F2,A230103J11Rik,1
Q921F2,Gm3235,1
Q921F2,Gm21817,1
Q921F2,Gm15890,1
Q921F2,4930513N10Rik,1
Q921F2,Gm15679,1
Q921F2,Gm15680,1
Q921F2,A330008L17Rik,1
Q921F2,Gm16156,1
Q921F2,Gm10629,1
Q921F2,Gm20686,1
Q921F2,Gm17344,1
Q921F2,Gm16349,1
Q921F2,9430091E24Rik,1
Q921F2,4933408N05Rik,1
Q921F2,Gm16116,1
Q921F2,Gm16117,1
Q921F2,Gm16118,1
Q921F2,Gm15655,1
Q921F2,Gm15395,1
Q921F2,Gm15684,1
Q921F2,Gm15898,1
Q921F2,Gm20681,1
Q921F2,2810455O05Rik,1
Q921F2,1810008B01Rik,1
Q921F2,Gm15775,1
Q921F2,Gm16163,1
Q921F2,Gm20416,1
Q921F2,Gm10706,1
Q921F2,Gm16568,1
Q921F2,1700084C06Rik,1
Q921F2,Gm10701,1
Q921F2,Gm15520,1
Q921F2,Gm15521,1
Q921F2,4930581F22Rik,1
Q921F2,Gm3896,1
Q921F2,1700110K17Rik,1
Q921F2,Gm16096,1
Q921F2,Gm16214,1
Q921F2,Gm16322,1
Q921F2,C030014I23Rik,1
Q921F2,1700003G13Rik,1
Q921F2,Gm16536,1
Q921F2,Gm16124,1
Q921F2,Gm10658,1
Q921F2,Gm16759,1
Q921F2,Gm15563,1
Q921F2,BC050972,1
Q921F2,Gm15511,1
Q921F2,Gm16144,1
Q921F2,Gm16551,1
Q921F2,4930429F24Rik,1
Q921F2,Gm17477,1
Q921F2,Snhg5,1
Q921F2,Gm16262,1
Q921F2,Gm16126,1
Q921F2,Gm16127,1
Q921F2,Gm16185,1
Q921F2,4921534H16Rik,1
Q921F2,Gm16004,1
Q921F2,5830418P13Rik,1
Q921F2,Gm16252,1
Q921F2,Gm15619,1
Q921F2,4930524O07Rik,1
Q921F2,Gm16343,1
Q921F2,4921523L03Rik,1
Q921F2,Gm20529,1
Q921F2,Gm7628,1
Q921F2,2310075C17Rik,1
Q921F2,2900079G21Rik,1
Q921F2,4930520O04Rik,1
Q921F2,Gm16142,1
Q921F2,Gm17396,1
Q921F2,Gm2415,1
Q921F2,4930593C16Rik,1
Q921F2,Gm17163,1
Q921F2,A730085K08Rik,1
Q921F2,Gm17200,1
Q921F2,Gm17021,1
Q921F2,2010204K13Rik,1
Q921F2,Gm14703,1
Q921F2,Gm14820,1
Q921F2,Gm14634,1
Q921F2,5730405O15Rik,1
Q921F2,Gm14636,1
Q921F2,A230072C01Rik,1
Q921F2,Gm14549,1
Q921F2,Gm14643,1
Q921F2,Gm14696,1
Q921F2,Gm14582,1
Q921F2,A630012P03Rik,1
Q921F2,C430049B03Rik,1
Q921F2,Gm14661,1
Q921F2,Gm14662,1
Q921F2,C230004F18Rik,1
Q921F2,Gm14705,1
Q921F2,Gm16189,1
Q921F2,Gm14817,1
Q921F2,4933407K13Rik,1
Q921F2,Gm14764,1
Q921F2,Gm14762,1
Q921F2,Gm14827,1
Q921F2,Gm14812,1
Q921F2,Gm14858,1
Q921F2,Tsix,1
Q921F2,Xist,1
Q921F2,Ftx,1
Q921F2,5530601H04Rik,1
Q921F2,5330434G04Rik,1
Q921F2,2810403D21Rik,1
Q921F2,Gm14936,1
Q921F2,4930558G05Rik,1
Q921F2,3632454L22Rik,1
Q921F2,BC065397,1
Q921F2,Gm15046,1
Q921F2,Gm15138,1
Q921F2,A230072E10Rik,1
Q921F2,3010001F23Rik,1
Q921F2,9530051G07Rik,1
Q921F2,Gm15243,1
Q921F2,Gm15205,1
Q921F2,Gm1720,1
Q921F2,Gm15232,1
Q921F2,Gm15239,1
Q921F2,Gm15246,1
Q921F2,Gm15245,1
Q921F2,G530011O06Rik,1
